{"ScanMetadata":{"StartTime":"2023-01-12T11:07:56.9228021Z","ScanPath":"C:\\Users\\HugoMa\\Workspaces\\JAVA_PROJECTS\\ast-cli-java-wrapper\\","ScanArguments":{"ProjectDownloadUrl":null,"ScanId":"c10d9f9e-6618-4ab6-9649-bc19ff369486","ProjectId":"5f38a13e-af37-4532-a9b9-dbc0d1c5f142","TenantId":"0","ExecutionId":"0","ExcludePatterns":{"Patterns":[]},"IgnoreDevDependencies":false,"ShouldResolveDependenciesLocally":true,"NpmPartialResultsFallbackScriptPath":null,"EnvironmentVariables":{},"ShouldUseHoistFlagWhenUseLerna":true,"ShouldResolvePartialResults":false,"ProjectRelativePathsToPythonVersionsMapping":{},"AdditionalScanArguments":{},"ExtractArchives":["zip","ear","war"],"ExtractDepth":1,"GradleExcludedScopes":[],"GradleIncludedScopes":[],"GradleDevDependenciesScopes":[],"GradleModulesToIgnore":[],"GradleModulesToInclude":[],"GradlePluginDependenciesScopes":[],"Proxies":{},"PipDepTreeVersion":null,"NugetCliPath":"","IvyReportTarget":null,"IvyReportFilesDir":null,"EnableContainerScan":false,"ContainersImages":[],"ContainersImagesCachePath":"C:\\Users\\HugoMa\\AppData\\Local\\Temp\\SCARealtime\\cache","OverrideDefaultExcludePattern":false,"ScanTimeoutInSeconds":0,"IsUsingSyft":false,"UsingDeprecatedConfigurationIni":false},"ScanDiagnostics":{"ShouldResolvePartialResults":"False","ShouldResolveDependenciesLocally":true,"FolderAnalyzer.scopeMilliseconds":638,"ResolveDependenciesForFile[pom.xml].scopeMilliseconds":3386,"EnvironmentVariables":"","FolderAnalyzer.analyzedFilesCount":291.0,"scopeMilliseconds":4328},"PackageType":"","PackageName":"","PackageVersion":""},"AnalyzedFiles":[{"RelativePath":"target\\apidocs\\com\\checkmarx\\ast\\kicsRealtimeResults\\ast\\kicsRealtimeResult\\class-use\\KicsSummary.html","Size":8386,"Fingerprints":[{"Type":"Sha1","Value":"450d66ea98f877cfed55368031ebf7aac2001410"}]},{"RelativePath":"src\\main\\java\\com\\checkmarx\\ast\\kicsRealtimeResults\\ast\\kicsRealtimeResult\\KicsResult.java","Size":1512,"Fingerprints":[{"Type":"Sha1","Value":"a71a83f95c20701ae628825011d8bab5e65191df"}]},{"RelativePath":"target\\classes\\com\\checkmarx\\ast\\kicsRealtimeResults\\ast\\kicsRealtimeResult\\KicsResult.class","Size":5032,"Fingerprints":[{"Type":"Sha1","Value":"3c126a9a6f82ed81e74a4da0640da1534114f502"}]},{"RelativePath":"target\\apidocs\\com\\checkmarx\\ast\\results\\result\\class-use\\VulnerabilityCVSS.html","Size":8326,"Fingerprints":[{"Type":"Sha1","Value":"bab6c6407787f5775e181416c9278321d9370bfd"}]},{"RelativePath":"target\\apidocs\\com\\checkmarx\\ast\\results\\result\\class-use\\PackageData.html","Size":5626,"Fingerprints":[{"Type":"Sha1","Value":"1de9de17f6890fcea497c1d72b5e7075cb614bc3"}]},{"RelativePath":"target\\apidocs\\com\\checkmarx\\ast\\results\\result\\class-use\\Data.html","Size":10642,"Fingerprints":[{"Type":"Sha1","Value":"1d960f735bc07199075b4a933956aaf0a641c22f"}]},{"RelativePath":"target\\apidocs\\com\\checkmarx\\ast\\kicsRealtimeResults\\ast\\kicsRealtimeResult\\package-tree.html","Size":6558,"Fingerprints":[{"Type":"Sha1","Value":"9ce0c364d0fa26cd364445a7ef47b8e2ea921f78"}]},{"RelativePath":"target\\apidocs\\com\\checkmarx\\ast\\kicsRealtimeResults\\ast\\kicsRealtimeResult\\KicsLocation.html","Size":13972,"Fingerprints":[{"Type":"Sha1","Value":"3462ccc807a50ec5f11c2f3f1966df5812a65288"}]},{"RelativePath":"target\\apidocs\\com\\checkmarx\\ast\\wrapper\\CxThinWrapper.html","Size":15451,"Fingerprints":[{"Type":"Sha1","Value":"229e64ac93fd206f49c0f5a9b28aa3453e777cf5"}]},{"RelativePath":"target\\apidocs\\com\\checkmarx\\ast\\wrapper\\CxConstants.html","Size":21539,"Fingerprints":[{"Type":"Sha1","Value":"432ee9ad55f83de3d5ecf1f0769049a44ccdd153"}]},{"RelativePath":"target\\apidocs\\com\\checkmarx\\ast\\wrapper\\CxConfig.html","Size":13906,"Fingerprints":[{"Type":"Sha1","Value":"6bdf28878d8e94457e2ec9f17cdcae9fe32884e3"}]},{"RelativePath":"target\\apidocs\\com\\checkmarx\\ast\\wrapper\\CxBaseObject.html","Size":16374,"Fingerprints":[{"Type":"Sha1","Value":"26dde9cc8f816442ce7c2d3505cd53b44161a9d6"}]},{"RelativePath":"target\\apidocs\\com\\checkmarx\\ast\\tenant\\package-tree.html","Size":5774,"Fingerprints":[{"Type":"Sha1","Value":"51c0080dafc50616d3c062926d16efc02e5ae0e3"}]},{"RelativePath":"target\\apidocs\\com\\checkmarx\\ast\\tenant\\package-summary.html","Size":5620,"Fingerprints":[{"Type":"Sha1","Value":"bc69f9e8acd612b5d5f3866b136e4bd53c77fe17"}]},{"RelativePath":"target\\apidocs\\com\\checkmarx\\ast\\scan\\package-use.html","Size":6363,"Fingerprints":[{"Type":"Sha1","Value":"134b8dd18f1b5029c60872906a00d84998227182"}]},{"RelativePath":"target\\apidocs\\com\\checkmarx\\ast\\results\\ResultsSummary.html","Size":17504,"Fingerprints":[{"Type":"Sha1","Value":"242b83caa50a1958d04f29a04236617d8f07d305"}]},{"RelativePath":"target\\apidocs\\com\\checkmarx\\ast\\results\\ReportFormat.html","Size":18701,"Fingerprints":[{"Type":"Sha1","Value":"e06c061fbf3c668037d6bd787137b24834295bbc"}]},{"RelativePath":"target\\apidocs\\com\\checkmarx\\ast\\results\\package-tree.html","Size":7096,"Fingerprints":[{"Type":"Sha1","Value":"7677007149d5dd92a61007d6bf44844956107916"}]},{"RelativePath":"target\\apidocs\\com\\checkmarx\\ast\\remediation\\package-use.html","Size":6427,"Fingerprints":[{"Type":"Sha1","Value":"ce56589431322d237b05c1d26dd99b7b13342fde"}]},{"RelativePath":"target\\apidocs\\com\\checkmarx\\ast\\remediation\\package-tree.html","Size":5803,"Fingerprints":[{"Type":"Sha1","Value":"e9dacecf1694ea083a5a9f8a66988ba12583199e"}]},{"RelativePath":"target\\apidocs\\com\\checkmarx\\ast\\project\\Project.html","Size":17869,"Fingerprints":[{"Type":"Sha1","Value":"3257ac3dcb9d417de61f5bfd781ba2db0396d6a5"}]},{"RelativePath":"target\\apidocs\\com\\checkmarx\\ast\\project\\package-tree.html","Size":5966,"Fingerprints":[{"Type":"Sha1","Value":"f9819348ea92aef7530a44fef4a19d802852d581"}]},{"RelativePath":"target\\apidocs\\com\\checkmarx\\ast\\predicate\\Predicate.html","Size":18632,"Fingerprints":[{"Type":"Sha1","Value":"3095800a4f86e75428e1ace19a1dd7532a59570f"}]},{"RelativePath":"target\\apidocs\\com\\checkmarx\\ast\\predicate\\package-tree.html","Size":5781,"Fingerprints":[{"Type":"Sha1","Value":"19f82aff2c8e5697bb3155849f62efea03ed442c"}]},{"RelativePath":"target\\apidocs\\com\\checkmarx\\ast\\learnMore\\Sample.html","Size":11804,"Fingerprints":[{"Type":"Sha1","Value":"387fa5979d0b810bf05f7822cde2bebce4d663f9"}]},{"RelativePath":"target\\apidocs\\com\\checkmarx\\ast\\learnMore\\package-tree.html","Size":5946,"Fingerprints":[{"Type":"Sha1","Value":"d10882ec64c71cb22b6eca26c8cc7ca30011c5be"}]},{"RelativePath":"target\\apidocs\\com\\checkmarx\\ast\\learnMore\\LearnMore.html","Size":17344,"Fingerprints":[{"Type":"Sha1","Value":"5c9a2cdff5ecf3cbc1f625fbda2a728182fea8e8"}]},{"RelativePath":"target\\apidocs\\com\\checkmarx\\ast\\kicsRealtimeResults\\package-tree.html","Size":5851,"Fingerprints":[{"Type":"Sha1","Value":"55090f7f8d67f93fcb451bf25d8bfeb64215cf06"}]},{"RelativePath":"target\\apidocs\\com\\checkmarx\\ast\\kicsRealtimeResults\\KicsRealtimeResults.html","Size":14458,"Fingerprints":[{"Type":"Sha1","Value":"2db53b07705fbf928eac3f8e7a3c02db316af401"}]},{"RelativePath":"target\\apidocs\\com\\checkmarx\\ast\\codebashing\\package-tree.html","Size":5795,"Fingerprints":[{"Type":"Sha1","Value":"c15ac2ecd716624932779fdcfc6c15c4e75a88da"}]},{"RelativePath":"target\\apidocs\\com\\checkmarx\\ast\\codebashing\\CodeBashing.html","Size":16572,"Fingerprints":[{"Type":"Sha1","Value":"091c9b15cd28670bb93fbe9bbdd03d71fe1e2c39"}]},{"RelativePath":"src\\test\\java\\com\\checkmarx\\ast\\TenantTest.java","Size":559,"Fingerprints":[{"Type":"Sha1","Value":"ae1503473217bbbf92ef24a15330ffe53a5bfeab"}]},{"RelativePath":"src\\test\\java\\com\\checkmarx\\ast\\ResultTest.java","Size":3616,"Fingerprints":[{"Type":"Sha1","Value":"ef8083c6c19e44ad514f3378b73412fff1943af8"}]},{"RelativePath":"src\\test\\java\\com\\checkmarx\\ast\\ProjectTest.java","Size":1337,"Fingerprints":[{"Type":"Sha1","Value":"43697ad2c32ae85b3c81ecbbc1c2202be0a75d21"}]},{"RelativePath":"src\\test\\java\\com\\checkmarx\\ast\\BaseTest.java","Size":2535,"Fingerprints":[{"Type":"Sha1","Value":"299a8d3163a02790b100e0ca7e4dce11d5cab076"}]},{"RelativePath":"src\\test\\java\\com\\checkmarx\\ast\\AuthTest.java","Size":877,"Fingerprints":[{"Type":"Sha1","Value":"05ed2d897999517387f08122e65a7bdae6371822"}]},{"RelativePath":"target\\test-classes\\com\\checkmarx\\ast\\ThinWrapperTest.class","Size":2848,"Fingerprints":[{"Type":"Sha1","Value":"94ea99c8e498b926a906a8769b769d9ec2938117"}]},{"RelativePath":"target\\test-classes\\com\\checkmarx\\ast\\TenantTest.class","Size":1997,"Fingerprints":[{"Type":"Sha1","Value":"1ccc96976be6fdd413103dbdadc3f56f74cb392d"}]},{"RelativePath":"target\\test-classes\\com\\checkmarx\\ast\\ScanTest.class","Size":3700,"Fingerprints":[{"Type":"Sha1","Value":"6c7893bdcbe8295e800ebe9a227b93213dacfb9c"}]},{"RelativePath":"target\\test-classes\\com\\checkmarx\\ast\\ResultTest.class","Size":5672,"Fingerprints":[{"Type":"Sha1","Value":"3f33c1e85b458854f880ce21d3f432920003b536"}]},{"RelativePath":"target\\test-classes\\com\\checkmarx\\ast\\RemediationTest.class","Size":2033,"Fingerprints":[{"Type":"Sha1","Value":"319b6891f4a634931a110806092f10ee3a8b71ea"}]},{"RelativePath":"target\\test-classes\\com\\checkmarx\\ast\\ProjectTest.class","Size":2566,"Fingerprints":[{"Type":"Sha1","Value":"105b2947d961d765cdd7898f677ec2d5c17fceb6"}]},{"RelativePath":"target\\test-classes\\com\\checkmarx\\ast\\PredicateTest.class","Size":3591,"Fingerprints":[{"Type":"Sha1","Value":"a51d34042faefd78c209539c8d626ed836196b71"}]},{"RelativePath":"target\\test-classes\\com\\checkmarx\\ast\\LearnMoreTest.class","Size":1106,"Fingerprints":[{"Type":"Sha1","Value":"0afeef58fe8a2c0c04b11c449109a8295f009cd3"}]},{"RelativePath":"target\\test-classes\\com\\checkmarx\\ast\\AuthTest.class","Size":2219,"Fingerprints":[{"Type":"Sha1","Value":"e9e077aa0d3274b0dc53e59a9e44c79329d81d0f"}]},{"RelativePath":"target\\apidocs\\jquery\\jquery-3.3.1.js","Size":271751,"Fingerprints":[{"Type":"JavascriptSha1","Value":"a9785ca09c11b2c692d6d8eb0d17bc6cd9c49c4e"},{"Type":"Sha1","Value":"46a436eba01c79acdb225757ed80bf54bad6416b"}]},{"RelativePath":"target\\apidocs\\jquery\\jszip\\dist\\jszip.min.js","Size":102328,"Fingerprints":[{"Type":"JavascriptSha1","Value":"ea03e8ff512859ba1cb1ec6dfc1a80c795fc1859"},{"Type":"Sha1","Value":"dd6c9829408677a15a9bbc821e5e2c86a4e8936b"}]},{"RelativePath":".idea\\shelf\\Uncommitted_changes_before_Checkout_at_11_11_2022_12_02_PM_[Changes]\\shelved.patch","Size":32971593,"Fingerprints":[{"Type":"Sha1","Value":"9df002e17b7edfa8a3bba9e71b0be994f493c7f4"}]},{"RelativePath":"target\\test-classes\\simplelogger.properties","Size":46,"Fingerprints":[{"Type":"Sha1","Value":"0b0f40ae2e9311c5a4fd86678166b5422b38220a"}]},{"RelativePath":"target\\test-classes\\results.json","Size":5275,"Fingerprints":[{"Type":"Sha1","Value":"8c654853e77564730caa718acc3437b2b82ce6c5"}]},{"RelativePath":"target\\test-classes\\positive1.tf","Size":502,"Fingerprints":[{"Type":"Sha1","Value":"0ebb78bb8bd2bea2c38efcf8f0b19eaadb8eca7d"}]},{"RelativePath":"target\\test-classes\\Dockerfile","Size":430,"Fingerprints":[{"Type":"Sha1","Value":"d732cb310c4a631575488d8b5af76edbdd53f572"}]},{"RelativePath":"target\\maven-archiver\\pom.properties","Size":125,"Fingerprints":[{"Type":"Sha1","Value":"d11cb6eef941073d78bb5b01a25ce5ed2e04561c"}]},{"RelativePath":"target\\javadoc-bundle-options\\package-list","Size":4583,"Fingerprints":[{"Type":"Sha1","Value":"0c355ba8a8f2aa3e3c5e8d96830321c554cb981c"}]},{"RelativePath":"target\\javadoc-bundle-options\\javadoc-options-javadoc-resources.xml","Size":276,"Fingerprints":[{"Type":"Sha1","Value":"1103f18f952247b0c70d563f2c8af9edbf646839"}]},{"RelativePath":"target\\ast-cli-java-wrapper-905.jar","Size":17582208,"Fingerprints":[{"Type":"Sha1","Value":"6e511fa360de3352fe30f43170501c3b1110d687"}]},{"RelativePath":".idea\\compiler.xml","Size":617,"Fingerprints":[{"Type":"Sha1","Value":"5aafcad0ecdeb17bd115ce1edfdde30be9f42d46"}]},{"RelativePath":"README.md","Size":2272,"Fingerprints":[{"Type":"Sha1","Value":"b527df08afd4fabb1651d5ba09d770762121112d"}]},{"RelativePath":"src\\main\\java\\com\\checkmarx\\ast\\kicsRealtimeResults\\ast\\kicsRealtimeResult\\KicsSummary.java","Size":919,"Fingerprints":[{"Type":"Sha1","Value":"ef65d62e1b3384f127972fa54d624515b6f626fa"}]},{"RelativePath":"target\\classes\\com\\checkmarx\\ast\\kicsRealtimeResults\\ast\\kicsRealtimeResult\\KicsSummary.class","Size":2431,"Fingerprints":[{"Type":"Sha1","Value":"78f9803852f56f44f9fbe3b852f7c8d7e8040528"}]},{"RelativePath":"target\\apidocs\\com\\checkmarx\\ast\\results\\result\\class-use\\VulnerabilityDetails.html","Size":10834,"Fingerprints":[{"Type":"Sha1","Value":"005c0a102548bc9cdb284e4eb79c528beb94a250"}]},{"RelativePath":"target\\apidocs\\com\\checkmarx\\ast\\results\\result\\class-use\\Node.html","Size":12321,"Fingerprints":[{"Type":"Sha1","Value":"b42a122a823c3744cf40434ba7c3df0701f492f2"}]},{"RelativePath":"target\\apidocs\\com\\checkmarx\\ast\\results\\result\\class-use\\Comments.html","Size":10690,"Fingerprints":[{"Type":"Sha1","Value":"71f031260463e433d0bb8d695100d60d7a324c89"}]},{"RelativePath":"target\\apidocs\\com\\checkmarx\\ast\\kicsRealtimeResults\\ast\\kicsRealtimeResult\\package-summary.html","Size":6326,"Fingerprints":[{"Type":"Sha1","Value":"b9f9b3164a93b3062903f3ea4e66f90292728d40"}]},{"RelativePath":"target\\apidocs\\com\\checkmarx\\ast\\kicsRealtimeResults\\ast\\kicsRealtimeResult\\KicsResult.html","Size":13992,"Fingerprints":[{"Type":"Sha1","Value":"6808e634571cbc79373fa3ec8cee2b009bd982f1"}]},{"RelativePath":"src\\main\\java\\com\\checkmarx\\ast\\results\\result\\VulnerabilityCVSS.java","Size":1856,"Fingerprints":[{"Type":"Sha1","Value":"041a54450e45d72f5f5e02447d58b4729221d649"}]},{"RelativePath":"src\\main\\java\\com\\checkmarx\\ast\\results\\result\\PackageData.java","Size":791,"Fingerprints":[{"Type":"Sha1","Value":"d8835ce06c93f30996f2893bb5688f48f553f4a6"}]},{"RelativePath":"src\\main\\java\\com\\checkmarx\\ast\\results\\result\\Data.java","Size":2537,"Fingerprints":[{"Type":"Sha1","Value":"a2e7808294e097014ed5ddf9eb4b9bc0f9f897cf"}]},{"RelativePath":"target\\classes\\com\\checkmarx\\ast\\results\\result\\VulnerabilityCVSS.class","Size":5187,"Fingerprints":[{"Type":"Sha1","Value":"c08d2d528586cdbbc46575f1985afa0b5aa41194"}]},{"RelativePath":"target\\classes\\com\\checkmarx\\ast\\results\\result\\Result.class","Size":10015,"Fingerprints":[{"Type":"Sha1","Value":"907e0b9337a55e514c9a1f285ae67633260ce26a"}]},{"RelativePath":"target\\classes\\com\\checkmarx\\ast\\results\\result\\Node.class","Size":5992,"Fingerprints":[{"Type":"Sha1","Value":"7853b94b9bad79b0bebf5c58af9c3068456928e3"}]},{"RelativePath":"target\\apidocs\\com\\checkmarx\\ast\\wrapper\\class-use\\Execution.html","Size":5503,"Fingerprints":[{"Type":"Sha1","Value":"2908a8be83d61ba42a2fefb2b9647c20f52c3359"}]},{"RelativePath":"target\\apidocs\\com\\checkmarx\\ast\\wrapper\\class-use\\CxThinWrapper.html","Size":5531,"Fingerprints":[{"Type":"Sha1","Value":"c1baa892474ffbe1153eef5544f27dcc9696629e"}]},{"RelativePath":"target\\apidocs\\com\\checkmarx\\ast\\wrapper\\class-use\\CxConfig.InvalidCLIConfigException.html","Size":5678,"Fingerprints":[{"Type":"Sha1","Value":"29144e7c98bff585993b52b99f80636b9cb3bfcb"}]},{"RelativePath":"target\\apidocs\\com\\checkmarx\\ast\\wrapper\\class-use\\CxBaseObject.html","Size":8400,"Fingerprints":[{"Type":"Sha1","Value":"647fb8caf5b4c0bc034a9e16f73a345fb04080a7"}]},{"RelativePath":"target\\apidocs\\com\\checkmarx\\ast\\results\\result\\VulnerabilityDetails.html","Size":12910,"Fingerprints":[{"Type":"Sha1","Value":"1530cf8bf53c1fb78c7c9e13e32bd2cdc25d67e4"}]},{"RelativePath":"target\\apidocs\\com\\checkmarx\\ast\\results\\result\\Result.html","Size":17848,"Fingerprints":[{"Type":"Sha1","Value":"a2da3eabc04a0e3499c186b7a83ad07456e5dc1a"}]},{"RelativePath":"target\\apidocs\\com\\checkmarx\\ast\\results\\result\\package-tree.html","Size":7351,"Fingerprints":[{"Type":"Sha1","Value":"d38f9a78ae6901666230de6c2f0501ac9bbe1352"}]},{"RelativePath":"target\\apidocs\\com\\checkmarx\\ast\\results\\result\\Data.html","Size":17146,"Fingerprints":[{"Type":"Sha1","Value":"9b36e51a6bccc6e7dbe976ab029b05de1eb4ad0c"}]},{"RelativePath":"target\\apidocs\\com\\checkmarx\\ast\\results\\class-use\\Results.html","Size":7420,"Fingerprints":[{"Type":"Sha1","Value":"20962fa652ac1077009f0ae4996d08055d899f4f"}]},{"RelativePath":"target\\apidocs\\com\\checkmarx\\ast\\project\\class-use\\Project.html","Size":9237,"Fingerprints":[{"Type":"Sha1","Value":"068a1cd977a7cb2594aa6dfd9f2dd249b0ba6ed1"}]},{"RelativePath":"target\\apidocs\\com\\checkmarx\\ast\\learnMore\\class-use\\LearnMore.html","Size":7665,"Fingerprints":[{"Type":"Sha1","Value":"1678fb567f629dce92e1a731a3adc2467a36451a"}]},{"RelativePath":"src\\main\\java\\com\\checkmarx\\ast\\wrapper\\Execution.java","Size":6774,"Fingerprints":[{"Type":"Sha1","Value":"a12ad704c351c680c3b9707e807917130f496b1b"}]},{"RelativePath":"src\\main\\java\\com\\checkmarx\\ast\\wrapper\\CxException.java","Size":283,"Fingerprints":[{"Type":"Sha1","Value":"49453f45cc0342dba380c5cfc26ad5b8912b5b18"}]},{"RelativePath":"src\\main\\java\\com\\checkmarx\\ast\\wrapper\\CxBaseObject.java","Size":1966,"Fingerprints":[{"Type":"Sha1","Value":"d24eb1ff19f28e38bccd30131314ecbd2d619e08"}]},{"RelativePath":"src\\main\\java\\com\\checkmarx\\ast\\results\\ResultsSummary.java","Size":3102,"Fingerprints":[{"Type":"Sha1","Value":"c708978aeaf30466a21090576c7a2aa6240e4717"}]},{"RelativePath":"src\\main\\java\\com\\checkmarx\\ast\\remediation\\KicsRemediation.java","Size":1933,"Fingerprints":[{"Type":"Sha1","Value":"a66d1c2dec5224c089f01022f9c6e8e7b1d9ef19"}]},{"RelativePath":"src\\main\\java\\com\\checkmarx\\ast\\learnMore\\Sample.java","Size":834,"Fingerprints":[{"Type":"Sha1","Value":"9d497d82546c99460b82550f45574a6947ff4ca9"}]},{"RelativePath":"src\\main\\java\\com\\checkmarx\\ast\\codebashing\\CodeBashing.java","Size":2381,"Fingerprints":[{"Type":"Sha1","Value":"02e3c94ab43ef4073718776313431350233c7368"}]},{"RelativePath":"target\\classes\\com\\checkmarx\\ast\\wrapper\\CxThinWrapper.class","Size":2939,"Fingerprints":[{"Type":"Sha1","Value":"9861c690331dcb3dd5152f7166187d99cb9f5034"}]},{"RelativePath":"target\\classes\\com\\checkmarx\\ast\\wrapper\\CxConstants.class","Size":3451,"Fingerprints":[{"Type":"Sha1","Value":"c84ca3d392b66b13df213cbc6bc4082ac6a58507"}]},{"RelativePath":"target\\classes\\com\\checkmarx\\ast\\wrapper\\CxConfig$CxConfigBuilder.class","Size":2380,"Fingerprints":[{"Type":"Sha1","Value":"5d2f66209f484915406516e4acacd092a6604458"}]},{"RelativePath":"target\\classes\\com\\checkmarx\\ast\\results\\ResultsSummary.class","Size":9176,"Fingerprints":[{"Type":"Sha1","Value":"ff3e672e674a04254dcb0df8bca9f1d8c199094b"}]},{"RelativePath":"target\\classes\\com\\checkmarx\\ast\\remediation\\KicsRemediation.class","Size":3987,"Fingerprints":[{"Type":"Sha1","Value":"0913f42a9a4dff9dbc4c3879cac1ca6bb65084e1"}]},{"RelativePath":"target\\classes\\com\\checkmarx\\ast\\learnMore\\Sample.class","Size":2648,"Fingerprints":[{"Type":"Sha1","Value":"b691af37d04efa9daae9566ebb3d836297e0e82d"}]},{"RelativePath":"target\\classes\\com\\checkmarx\\ast\\learnMore\\LearnMore.class","Size":7150,"Fingerprints":[{"Type":"Sha1","Value":"bb107fbd90711703bc25f442dfb3fa0ca84d3e59"}]},{"RelativePath":"target\\classes\\com\\checkmarx\\ast\\codebashing\\CodeBashing.class","Size":4946,"Fingerprints":[{"Type":"Sha1","Value":"85119abe2cf6dd05daeb3fc469f08e8ede916375"}]},{"RelativePath":"target\\apidocs\\com\\checkmarx\\ast\\wrapper\\package-tree.html","Size":7905,"Fingerprints":[{"Type":"Sha1","Value":"4794f4ba572bb99335ecd1c1675e905f8f0f2690"}]},{"RelativePath":"target\\apidocs\\com\\checkmarx\\ast\\wrapper\\CxWrapper.html","Size":84155,"Fingerprints":[{"Type":"Sha1","Value":"66dd60b6503a89da863df00af2688089ff1e0c0d"}]},{"RelativePath":"target\\maven-status\\maven-compiler-plugin\\testCompile\\default-testCompile\\createdFiles.lst","Size":361,"Fingerprints":[{"Type":"Sha1","Value":"b9a9ec807bb7a5ed0151c9c5f45b448d631ecfe3"}]},{"RelativePath":"target\\apidocs\\jquery\\jszip-utils\\dist\\jszip-utils.js","Size":4483,"Fingerprints":[{"Type":"JavascriptSha1","Value":"f538104678aee5a0f13e8dea5bdfb6388e8fd12f"},{"Type":"Sha1","Value":"57aca6d613287c93f41f32efd124dd2a72994eed"}]},{"RelativePath":"src\\main\\resources\\cx.exe","Size":14743890,"Fingerprints":[{"Type":"Sha1","Value":"5d9ca62509afddd6df03b786025539cad3e2a43f"}]},{"RelativePath":"target\\apidocs\\script.js","Size":5683,"Fingerprints":[{"Type":"JavascriptSha1","Value":"9248634fdfbc6ce8a699f582969672a8f27cd422"},{"Type":"Sha1","Value":"ceccd49964c4398f5f8b072cfe7f82d0878b253c"}]},{"RelativePath":"target\\apidocs\\index-all.html","Size":57025,"Fingerprints":[{"Type":"Sha1","Value":"54cdf1b452b2f6d0c483a6bcfa752f79c7d78783"}]},{"RelativePath":".github\\workflows\\release.yml","Size":1558,"Fingerprints":[{"Type":"Sha1","Value":"50da33f30b95b4b6a51e450ba6c1748eb654ee0a"}]},{"RelativePath":"target\\spotbugsXml.xml","Size":19070,"Fingerprints":[{"Type":"Sha1","Value":"100bc8e534b8c178ab48813ecc7a92338640cd01"}]},{"RelativePath":".idea\\encodings.xml","Size":267,"Fingerprints":[{"Type":"Sha1","Value":"78702343fcb422beef693eb8d22e84f920bd2c52"}]},{"RelativePath":".gitignore","Size":712,"Fingerprints":[{"Type":"Sha1","Value":"80ffb2429fd0b298dff203b54800bf880d97d2d4"}]},{"RelativePath":"target\\apidocs\\jquery\\images\\ui-icons_cd0a0a_256x240.png","Size":4549,"Fingerprints":[{"Type":"Sha1","Value":"131f0ee722518ee299f40d53f320eb7128a7c7a0"}]},{"RelativePath":"target\\apidocs\\jquery\\images\\ui-icons_888888_256x240.png","Size":6999,"Fingerprints":[{"Type":"Sha1","Value":"d68a997181c49918752cbb47a94c9c85987df327"}]},{"RelativePath":"target\\apidocs\\jquery\\images\\ui-icons_454545_256x240.png","Size":6992,"Fingerprints":[{"Type":"Sha1","Value":"a72f00d45bc236c2656a23493736c8e66c7b431e"}]},{"RelativePath":"src\\main\\resources\\cx-linux","Size":9498624,"Fingerprints":[{"Type":"Sha1","Value":"f5d1904b4678e06293a2573bd2de0726a4978572"}]},{"RelativePath":"target\\apidocs\\package-search-index.js","Size":544,"Fingerprints":[{"Type":"JavascriptSha1","Value":"89cb422e24e67a8a107cbe7e615963658f823eaa"},{"Type":"Sha1","Value":"5ac4e0d22e614db9895f78f4390110907c4b53e8"}]},{"RelativePath":"target\\apidocs\\member-search-index.zip","Size":1830,"Fingerprints":[{"Type":"Sha1","Value":"532dcf33073c6c5351ab42ffb7a2386aa387d9ef"}]},{"RelativePath":"target\\apidocs\\help-doc.html","Size":10696,"Fingerprints":[{"Type":"Sha1","Value":"5ae745218a32ab69f9cd7c4b1b01a65763eef5af"}]},{"RelativePath":"target\\apidocs\\allclasses-index.html","Size":13767,"Fingerprints":[{"Type":"Sha1","Value":"4b74aa6beeb1df63b5efda6e95b766156a21f569"}]},{"RelativePath":".github\\workflows\\dependabot-auto-merge.yml","Size":788,"Fingerprints":[{"Type":"Sha1","Value":"fba64110520bf886484a116e499bd2819397aa4e"}]},{"RelativePath":".github\\workflows\\ast-scan.yml","Size":565,"Fingerprints":[{"Type":"Sha1","Value":"bbf887c269399befc259be1fa07a58225967166b"}]},{"RelativePath":".idea\\workspace.xml","Size":21063,"Fingerprints":[{"Type":"Sha1","Value":"606f4682194be49ba91e04099faf997d2ff48846"}]},{"RelativePath":"logo.png","Size":10269,"Fingerprints":[{"Type":"Sha1","Value":"e112bb5357b2f067f05ec3f0f7b61c37dea002dc"}]},{"RelativePath":"target\\apidocs\\jquery\\external\\jquery\\jquery.js","Size":271751,"Fingerprints":[{"Type":"JavascriptSha1","Value":"a9785ca09c11b2c692d6d8eb0d17bc6cd9c49c4e"},{"Type":"Sha1","Value":"46a436eba01c79acdb225757ed80bf54bad6416b"}]},{"RelativePath":"src\\test\\resources\\simplelogger.properties","Size":46,"Fingerprints":[{"Type":"Sha1","Value":"0b0f40ae2e9311c5a4fd86678166b5422b38220a"}]},{"RelativePath":"src\\test\\resources\\results.json","Size":5275,"Fingerprints":[{"Type":"Sha1","Value":"8c654853e77564730caa718acc3437b2b82ce6c5"}]},{"RelativePath":"src\\test\\resources\\positive1.tf","Size":428,"Fingerprints":[{"Type":"Sha1","Value":"7cf897f5927c2af9049a6f77b536180a2ef932eb"}]},{"RelativePath":"src\\test\\resources\\Dockerfile","Size":430,"Fingerprints":[{"Type":"Sha1","Value":"d732cb310c4a631575488d8b5af76edbdd53f572"}]},{"RelativePath":"target\\apidocs\\search.js","Size":13765,"Fingerprints":[{"Type":"JavascriptSha1","Value":"5de6dfa582da46aacde5c43f900a3dc12c94f306"},{"Type":"Sha1","Value":"f9ddcd43cd820647149f363388accb95ec35502d"}]},{"RelativePath":"target\\apidocs\\index.html","Size":7453,"Fingerprints":[{"Type":"Sha1","Value":"ad53ec71f7af63a9ca68d273c3cf3ea24a01b8e5"}]},{"RelativePath":"target\\apidocs\\element-list","Size":386,"Fingerprints":[{"Type":"Sha1","Value":"e07ceb7b0812efb26f79638ce59a41bfb682ba14"}]},{"RelativePath":"target\\apidocs\\allpackages-index.html","Size":7459,"Fingerprints":[{"Type":"Sha1","Value":"4a4bf46663a6822c27e2ec4250a530f0fe305fe8"}]},{"RelativePath":".github\\workflows\\update-cli.yml","Size":2087,"Fingerprints":[{"Type":"Sha1","Value":"da6c5115e7177b98711745e493930b9c117f5c86"}]},{"RelativePath":".github\\workflows\\ci.yml","Size":1782,"Fingerprints":[{"Type":"Sha1","Value":"73d8d35f4818865899cd8fe6f54591ebd5f0eaea"}]},{"RelativePath":"target\\spotbugs.xml","Size":334,"Fingerprints":[{"Type":"Sha1","Value":"7b265367aa46d826815315aa6789ee87460c75ce"}]},{"RelativePath":".idea\\vcs.xml","Size":172,"Fingerprints":[{"Type":"Sha1","Value":"e692344d8c981d4806a673b29b1a6dc3b6b6d345"}]},{"RelativePath":"LICENSE","Size":11541,"Fingerprints":[{"Type":"Sha1","Value":"a719237ee4c1c379693078c5f2aef52dba1000c1"}]},{"RelativePath":"target\\apidocs\\jquery\\jquery-ui.min.js","Size":33937,"Fingerprints":[{"Type":"JavascriptSha1","Value":"045061305be5f8e3b0d1a282297369cddc7308a9"},{"Type":"Sha1","Value":"d3053b3c493d70115b7ed050cbffb34a42b9d059"}]},{"RelativePath":"target\\apidocs\\jquery\\jquery-ui.min.css","Size":16712,"Fingerprints":[{"Type":"Sha1","Value":"837f6c5842741fc0ef1a395619019dac062196c6"}]},{"RelativePath":"target\\apidocs\\jquery\\jquery-migrate-3.0.1.js","Size":17841,"Fingerprints":[{"Type":"JavascriptSha1","Value":"7195d06da43fb7ec16ce4ff6428e91d545f85416"},{"Type":"Sha1","Value":"c4ca4d6306b6e7840b25a9ae75059d23e3901b70"}]},{"RelativePath":"target\\apidocs\\member-search-index.js","Size":15280,"Fingerprints":[{"Type":"JavascriptSha1","Value":"d753b176956641301279bd97cc996156ddb8c3cc"},{"Type":"Sha1","Value":"70c9434899b0fc0db5299d33477a7cbde5feed7d"}]},{"RelativePath":"target\\apidocs\\deprecated-list.html","Size":4714,"Fingerprints":[{"Type":"Sha1","Value":"534abb8c54cfff97440f1373b7643ef7649a3659"}]},{"RelativePath":"target\\apidocs\\allclasses.html","Size":5626,"Fingerprints":[{"Type":"Sha1","Value":"5680b0242df4e33518ee9087fecb31e99de433ac"}]},{"RelativePath":".github\\workflows\\manual-tag.yml","Size":891,"Fingerprints":[{"Type":"Sha1","Value":"179bccb0ef2c5ad134f6b5926e1c239c672d3839"}]},{"RelativePath":".github\\scripts\\update_cli.sh","Size":956,"Fingerprints":[{"Type":"Sha1","Value":"38119f91dd3967ebdbb884928035d7dc29da6cfd"}]},{"RelativePath":".idea\\misc.xml","Size":486,"Fingerprints":[{"Type":"Sha1","Value":"234978e5f32f0cf206a90e48ed5f7101a10fe7ce"}]},{"RelativePath":"pom.xml","Size":7434,"Fingerprints":[{"Type":"Sha1","Value":"381aacb27e66af48983cf3fa69344cf25d0e3ec2"}]},{"RelativePath":"target\\apidocs\\com\\checkmarx\\ast\\kicsRealtimeResults\\ast\\kicsRealtimeResult\\class-use\\KicsResult.html","Size":8388,"Fingerprints":[{"Type":"Sha1","Value":"1aa31fae8f60c98febdae61eebf10702320de4e5"}]},{"RelativePath":"src\\main\\java\\com\\checkmarx\\ast\\results\\result\\VulnerabilityDetails.java","Size":1183,"Fingerprints":[{"Type":"Sha1","Value":"f7b15df60723189e197015319ba045a6cab7521c"}]},{"RelativePath":"src\\main\\java\\com\\checkmarx\\ast\\results\\result\\Result.java","Size":2975,"Fingerprints":[{"Type":"Sha1","Value":"820e61c70172f0637a635688025df760d1054099"}]},{"RelativePath":"src\\main\\java\\com\\checkmarx\\ast\\results\\result\\DependencyPath.java","Size":1429,"Fingerprints":[{"Type":"Sha1","Value":"87ea47e2f8e2b5ec010ce4b4e52604a83607ee96"}]},{"RelativePath":"target\\classes\\com\\checkmarx\\ast\\results\\result\\VulnerabilityDetails.class","Size":3960,"Fingerprints":[{"Type":"Sha1","Value":"8d917c26d6d23dfeaaae842e69f0609aed5448d8"}]},{"RelativePath":"target\\classes\\com\\checkmarx\\ast\\results\\result\\ScaPackageData.class","Size":3670,"Fingerprints":[{"Type":"Sha1","Value":"97ce1da57f3e958c4bfe420c747197add4671c88"}]},{"RelativePath":"target\\classes\\com\\checkmarx\\ast\\results\\result\\DependencyPath.class","Size":4087,"Fingerprints":[{"Type":"Sha1","Value":"447bd43ede17ebc1335b4392ab7d50335f8579ed"}]},{"RelativePath":"target\\classes\\com\\checkmarx\\ast\\results\\result\\Comments.class","Size":1857,"Fingerprints":[{"Type":"Sha1","Value":"50a6bfe2d4dbeee47842fb5efaf734b997e25808"}]},{"RelativePath":"target\\apidocs\\com\\checkmarx\\ast\\wrapper\\class-use\\CxException.html","Size":27391,"Fingerprints":[{"Type":"Sha1","Value":"b9ff1aa2e2a3a84257b64e82508a8271082cc07f"}]},{"RelativePath":"target\\apidocs\\com\\checkmarx\\ast\\wrapper\\class-use\\CxConfig.html","Size":7560,"Fingerprints":[{"Type":"Sha1","Value":"5099e5266a5ec7055e42515fb96a5232765e8b8e"}]},{"RelativePath":"target\\apidocs\\com\\checkmarx\\ast\\tenant\\class-use\\TenantSetting.html","Size":7503,"Fingerprints":[{"Type":"Sha1","Value":"4888d4f05ec5d2e09ac66307441ae6c6ef09700d"}]},{"RelativePath":"target\\apidocs\\com\\checkmarx\\ast\\results\\result\\VulnerabilityCVSS.html","Size":14391,"Fingerprints":[{"Type":"Sha1","Value":"a25710675e131807218c1fec2f3fce981d323d3e"}]},{"RelativePath":"target\\apidocs\\com\\checkmarx\\ast\\results\\result\\PackageData.html","Size":11935,"Fingerprints":[{"Type":"Sha1","Value":"4010508e5438267d2fbfe5040d9719872567b7bf"}]},{"RelativePath":"target\\apidocs\\com\\checkmarx\\ast\\results\\result\\package-summary.html","Size":7266,"Fingerprints":[{"Type":"Sha1","Value":"289985f443645f3c888872011840bac1294e7e45"}]},{"RelativePath":"target\\apidocs\\com\\checkmarx\\ast\\results\\result\\DependencyPath.html","Size":13066,"Fingerprints":[{"Type":"Sha1","Value":"360ba9ca895109e27a70e8a0a702d14630b229a5"}]},{"RelativePath":"target\\apidocs\\com\\checkmarx\\ast\\results\\class-use\\ResultsSummary.html","Size":7532,"Fingerprints":[{"Type":"Sha1","Value":"fb7e064283edf969d315fdb30c4612d92a40bc2c"}]},{"RelativePath":"target\\apidocs\\com\\checkmarx\\ast\\remediation\\class-use\\KicsRemediation.html","Size":8225,"Fingerprints":[{"Type":"Sha1","Value":"d994b32968df858188d1f6b4d8b3f0628434e582"}]},{"RelativePath":"target\\apidocs\\com\\checkmarx\\ast\\learnMore\\class-use\\Sample.html","Size":8761,"Fingerprints":[{"Type":"Sha1","Value":"957723931a7fcec4a48707c89a015d209b49f4b5"}]},{"RelativePath":"target\\apidocs\\com\\checkmarx\\ast\\codebashing\\class-use\\CodeBashing.html","Size":8173,"Fingerprints":[{"Type":"Sha1","Value":"6eddba6e54b2700367e896b7acb609e9aca25402"}]},{"RelativePath":"src\\main\\java\\com\\checkmarx\\ast\\wrapper\\CxThinWrapper.java","Size":1102,"Fingerprints":[{"Type":"Sha1","Value":"04070bca06b0a32ba844004907159063ddfc95fe"}]},{"RelativePath":"src\\main\\java\\com\\checkmarx\\ast\\wrapper\\CxConfig.java","Size":2955,"Fingerprints":[{"Type":"Sha1","Value":"65b217611e3d0aad1eb84c962a555eb509209715"}]},{"RelativePath":"src\\main\\java\\com\\checkmarx\\ast\\scan\\Scan.java","Size":1927,"Fingerprints":[{"Type":"Sha1","Value":"2573f7acadd3422ab465962e2e3b5b6b0fc83d23"}]},{"RelativePath":"src\\main\\java\\com\\checkmarx\\ast\\results\\ReportFormat.java","Size":333,"Fingerprints":[{"Type":"Sha1","Value":"8dc5074d02d36345d5b990231284c56e9dee48ea"}]},{"RelativePath":"src\\main\\java\\com\\checkmarx\\ast\\predicate\\Predicate.java","Size":2778,"Fingerprints":[{"Type":"Sha1","Value":"fd311938ac41cdd0edaac7caa8c4edc3cc838639"}]},{"RelativePath":"src\\main\\java\\com\\checkmarx\\ast\\learnMore\\LearnMore.java","Size":2836,"Fingerprints":[{"Type":"Sha1","Value":"ccbbebb3b605e0385a970a0097f01d208ae1de8c"}]},{"RelativePath":"target\\classes\\com\\checkmarx\\ast\\wrapper\\CxWrapper.class","Size":22789,"Fingerprints":[{"Type":"Sha1","Value":"664254c6988dbf3d78e904769c0c3611112ad17a"}]},{"RelativePath":"target\\classes\\com\\checkmarx\\ast\\wrapper\\CxConfig.class","Size":7347,"Fingerprints":[{"Type":"Sha1","Value":"69d123967000362a01928d1319e772aa6848b446"}]},{"RelativePath":"target\\classes\\com\\checkmarx\\ast\\wrapper\\CxBaseObject.class","Size":5246,"Fingerprints":[{"Type":"Sha1","Value":"77f97c7127e89c62c176edf2c6910c495fdfef5c"}]},{"RelativePath":"target\\classes\\com\\checkmarx\\ast\\scan\\Scan.class","Size":5188,"Fingerprints":[{"Type":"Sha1","Value":"5ccb628e8ea0964dafe72fef0c42f3b7ac5f301b"}]},{"RelativePath":"target\\classes\\com\\checkmarx\\ast\\results\\ReportFormat.class","Size":1488,"Fingerprints":[{"Type":"Sha1","Value":"e2c930b829222cdd7ff722de0913f29951045d75"}]},{"RelativePath":"target\\classes\\com\\checkmarx\\ast\\predicate\\Predicate.class","Size":7037,"Fingerprints":[{"Type":"Sha1","Value":"5dedd35ea62adb10df546e948e2ef8ca4e88d458"}]},{"RelativePath":"target\\classes\\com\\checkmarx\\ast\\kicsRealtimeResults\\KicsRealtimeResults.class","Size":5260,"Fingerprints":[{"Type":"Sha1","Value":"514d8709c2357bb1925c403ba9ab92986a4e08a2"}]},{"RelativePath":"target\\apidocs\\com\\checkmarx\\ast\\wrapper\\package-use.html","Size":8386,"Fingerprints":[{"Type":"Sha1","Value":"a94151720e928fec517226eb1db16be97b019c67"}]},{"RelativePath":"target\\apidocs\\com\\checkmarx\\ast\\wrapper\\package-summary.html","Size":7474,"Fingerprints":[{"Type":"Sha1","Value":"4c7afcf2fd070bd6bc8661f8ee0d30f53e2562de"}]},{"RelativePath":"target\\apidocs\\com\\checkmarx\\ast\\wrapper\\Execution.html","Size":9347,"Fingerprints":[{"Type":"Sha1","Value":"078900b6b047ccfaedfccf93c4b7cfe73aa56ac1"}]},{"RelativePath":"target\\apidocs\\com\\checkmarx\\ast\\wrapper\\CxException.html","Size":14777,"Fingerprints":[{"Type":"Sha1","Value":"02236cd48afa36b71e1bf81008568958d39a5413"}]},{"RelativePath":"target\\apidocs\\com\\checkmarx\\ast\\wrapper\\CxConfig.InvalidCLIConfigException.html","Size":15091,"Fingerprints":[{"Type":"Sha1","Value":"e58e3ddf88ab7a5b40ff01bbdde76d99186f455e"}]},{"RelativePath":"target\\apidocs\\com\\checkmarx\\ast\\wrapper\\CxConfig.CxConfigBuilder.html","Size":13138,"Fingerprints":[{"Type":"Sha1","Value":"9275d34378c74546023a1b6a461519a6209bb7d6"}]},{"RelativePath":"target\\apidocs\\com\\checkmarx\\ast\\tenant\\TenantSetting.html","Size":13792,"Fingerprints":[{"Type":"Sha1","Value":"9cb098b79d43da01dd74d50f187134ea26b374ed"}]},{"RelativePath":"target\\apidocs\\com\\checkmarx\\ast\\tenant\\package-use.html","Size":6393,"Fingerprints":[{"Type":"Sha1","Value":"15228d0e3a9a982fa9fa63bf52bfbab8c819bfca"}]},{"RelativePath":"target\\apidocs\\com\\checkmarx\\ast\\scan\\Scan.html","Size":18700,"Fingerprints":[{"Type":"Sha1","Value":"062c16dd8ecd7b73dce1ce6fda0daf5ea6b1b7c1"}]},{"RelativePath":"target\\apidocs\\com\\checkmarx\\ast\\scan\\package-tree.html","Size":5945,"Fingerprints":[{"Type":"Sha1","Value":"105fe6cb3056831ec39eb571f6f46a10b8a739a4"}]},{"RelativePath":"target\\apidocs\\com\\checkmarx\\ast\\scan\\package-summary.html","Size":5594,"Fingerprints":[{"Type":"Sha1","Value":"a5ec00fe44a29fd8434961008d589d19798c8b8b"}]},{"RelativePath":"target\\apidocs\\com\\checkmarx\\ast\\results\\Results.html","Size":11657,"Fingerprints":[{"Type":"Sha1","Value":"e1c11aa1c6620fe584790f51fb2c0b063a2bc98b"}]},{"RelativePath":"target\\apidocs\\com\\checkmarx\\ast\\results\\package-use.html","Size":7565,"Fingerprints":[{"Type":"Sha1","Value":"a06e045eb835b3e1b87d8b9faccf73ef5631854a"}]},{"RelativePath":"target\\apidocs\\com\\checkmarx\\ast\\results\\package-summary.html","Size":6271,"Fingerprints":[{"Type":"Sha1","Value":"d9696e36917fa821667131d9fff10789d562a3e0"}]},{"RelativePath":"target\\apidocs\\com\\checkmarx\\ast\\remediation\\package-summary.html","Size":5644,"Fingerprints":[{"Type":"Sha1","Value":"e9e05079ac3166b18a09392c315e6886a8946c96"}]},{"RelativePath":"target\\apidocs\\com\\checkmarx\\ast\\remediation\\KicsRemediation.html","Size":13536,"Fingerprints":[{"Type":"Sha1","Value":"f18ba31eb5b672bae6d0702b25d0ef8e52787bff"}]},{"RelativePath":"target\\apidocs\\com\\checkmarx\\ast\\project\\package-use.html","Size":6387,"Fingerprints":[{"Type":"Sha1","Value":"2f3b665508830e325aca296ddf6bedcfe249bf2a"}]},{"RelativePath":"target\\apidocs\\com\\checkmarx\\ast\\project\\package-summary.html","Size":5612,"Fingerprints":[{"Type":"Sha1","Value":"423153524de58b1d2eac26f64d31395916e7b863"}]},{"RelativePath":"target\\apidocs\\com\\checkmarx\\ast\\predicate\\package-use.html","Size":6403,"Fingerprints":[{"Type":"Sha1","Value":"a47d22082b7b513abf4ef25ef0d35aba07604035"}]},{"RelativePath":"target\\apidocs\\com\\checkmarx\\ast\\predicate\\package-summary.html","Size":5624,"Fingerprints":[{"Type":"Sha1","Value":"ae6afd883e4b10fd2f5a455047ddb569c789a6b2"}]},{"RelativePath":"target\\apidocs\\com\\checkmarx\\ast\\learnMore\\package-use.html","Size":7211,"Fingerprints":[{"Type":"Sha1","Value":"273e36a5b35b3ed0f07e32524049796c34419e4a"}]},{"RelativePath":"target\\apidocs\\com\\checkmarx\\ast\\learnMore\\package-summary.html","Size":5804,"Fingerprints":[{"Type":"Sha1","Value":"13e4d1d7e16653b34c59746b79f12e24d1dd9cc6"}]},{"RelativePath":"target\\apidocs\\com\\checkmarx\\ast\\kicsRealtimeResults\\package-use.html","Size":6483,"Fingerprints":[{"Type":"Sha1","Value":"d7cc64a7d0c9fc47d3b2cb99dd9f0a8d44df0e19"}]},{"RelativePath":"target\\apidocs\\com\\checkmarx\\ast\\kicsRealtimeResults\\package-summary.html","Size":5684,"Fingerprints":[{"Type":"Sha1","Value":"d11d51a9f89efb279e4958ef6261c7d3d2301e96"}]},{"RelativePath":"target\\apidocs\\com\\checkmarx\\ast\\codebashing\\package-use.html","Size":6419,"Fingerprints":[{"Type":"Sha1","Value":"362f6c81490d1b5aef82a9eceddce03aafe933cf"}]},{"RelativePath":"target\\apidocs\\com\\checkmarx\\ast\\codebashing\\package-summary.html","Size":5636,"Fingerprints":[{"Type":"Sha1","Value":"f296f75c3ad9880c7c161c80692d752fbb186547"}]},{"RelativePath":"src\\test\\java\\com\\checkmarx\\ast\\ThinWrapperTest.java","Size":1115,"Fingerprints":[{"Type":"Sha1","Value":"ef0d8be604717dc669237663efdc9b70394875ac"}]},{"RelativePath":"src\\test\\java\\com\\checkmarx\\ast\\ScanTest.java","Size":1623,"Fingerprints":[{"Type":"Sha1","Value":"aa9f0686badabdf4583ce02b6223a15b1984b339"}]},{"RelativePath":"src\\test\\java\\com\\checkmarx\\ast\\RemediationTest.java","Size":1297,"Fingerprints":[{"Type":"Sha1","Value":"db581369d834d7ff1b6c095b0020082f9428d204"}]},{"RelativePath":"src\\test\\java\\com\\checkmarx\\ast\\PredicateTest.java","Size":1621,"Fingerprints":[{"Type":"Sha1","Value":"2ff1a00694d262974664c34629d554ae688a35d8"}]},{"RelativePath":"src\\test\\java\\com\\checkmarx\\ast\\LearnMoreTest.java","Size":471,"Fingerprints":[{"Type":"Sha1","Value":"bd04b7c454b4076b552f76f6f911e7be1bcbd65c"}]},{"RelativePath":"target\\test-classes\\com\\checkmarx\\ast\\BaseTest.class","Size":3206,"Fingerprints":[{"Type":"Sha1","Value":"4e92b7c2a44018d506b76bb3fae6f0523cb94e17"}]},{"RelativePath":"target\\maven-status\\maven-compiler-plugin\\testCompile\\default-testCompile\\inputFiles.lst","Size":1111,"Fingerprints":[{"Type":"Sha1","Value":"a1936ef4a498769fc426d156015732966b7d871c"}]},{"RelativePath":"target\\maven-status\\maven-compiler-plugin\\compile\\default-compile\\inputFiles.lst","Size":3868,"Fingerprints":[{"Type":"Sha1","Value":"a0d24aa1ba947666704e115083c7cc39e99da288"}]},{"RelativePath":"target\\maven-status\\maven-compiler-plugin\\compile\\default-compile\\createdFiles.lst","Size":1667,"Fingerprints":[{"Type":"Sha1","Value":"9e02cdc370b1f65ce4e76543dff43192a3db86c3"}]},{"RelativePath":"target\\apidocs\\jquery\\jszip-utils\\dist\\jszip-utils.min.js","Size":1777,"Fingerprints":[{"Type":"JavascriptSha1","Value":"405ad73bd9ee654000959d47de8b0d8318eb8cb6"},{"Type":"Sha1","Value":"a0885000845dedb7f5bf0db35e1f92cc79a0d40c"}]},{"RelativePath":"target\\apidocs\\jquery\\jszip-utils\\dist\\jszip-utils-ie.min.js","Size":1610,"Fingerprints":[{"Type":"JavascriptSha1","Value":"0e5bc58bd2a9044d08abc6fcec9c837bfde27ca8"},{"Type":"Sha1","Value":"aad1e840064b0d5d046d2087d17ceb24f7ec165d"}]},{"RelativePath":"target\\apidocs\\jquery\\jszip-utils\\dist\\jszip-utils-ie.js","Size":2444,"Fingerprints":[{"Type":"JavascriptSha1","Value":"4979b4aa655dca35edbd114e54a3bec0f3cb7155"},{"Type":"Sha1","Value":"98fe94534d85ac506afac72bcd109eadb0024c32"}]},{"RelativePath":"target\\apidocs\\jquery\\jquery-ui.js","Size":72132,"Fingerprints":[{"Type":"JavascriptSha1","Value":"747459b5b7a32b56c7056ba8a06fd09ec3a4cfa8"},{"Type":"Sha1","Value":"47ffc6eb61253ac7f2497880406d9412dd488917"}]},{"RelativePath":"target\\apidocs\\jquery\\jquery-ui.css","Size":19463,"Fingerprints":[{"Type":"Sha1","Value":"81b15d0b294dd60031a0a234089cefcbcaf88a5e"}]},{"RelativePath":"target\\classes\\cx-mac","Size":19496880,"Fingerprints":[{"Type":"Sha1","Value":"d41e2528286b7713df5f6ac78732874f34f12c3e"}]},{"RelativePath":"target\\classes\\cx-linux","Size":9097216,"Fingerprints":[{"Type":"Sha1","Value":"cde8eee23650830f91ec26adb8fdb798c8ef69ec"}]},{"RelativePath":"target\\apidocs\\type-search-index.zip","Size":553,"Fingerprints":[{"Type":"Sha1","Value":"720fa525f01f6abc65ec6fad1a1d622c6fcbcb13"}]},{"RelativePath":"target\\apidocs\\stylesheet.css","Size":23177,"Fingerprints":[{"Type":"Sha1","Value":"51fa96908cde666df5b02917eb7c36c1f754ab5a"}]},{"RelativePath":"target\\ast-cli-java-wrapper-905-javadoc.jar","Size":638133,"Fingerprints":[{"Type":"Sha1","Value":"4a6085d7947b30f63bddfcb963a62dac2b3f9d4c"}]},{"RelativePath":"checkmarx-ast-cli.version","Size":8,"Fingerprints":[{"Type":"Sha1","Value":"7476300c2fea28bd10cc0bea76f01eb29e952986"}]},{"RelativePath":"target\\apidocs\\com\\checkmarx\\ast\\kicsRealtimeResults\\ast\\kicsRealtimeResult\\class-use\\KicsLocation.html","Size":9242,"Fingerprints":[{"Type":"Sha1","Value":"5316532201d5de4ca2b28be1b3a1b022ccbb1699"}]},{"RelativePath":"src\\main\\java\\com\\checkmarx\\ast\\kicsRealtimeResults\\ast\\kicsRealtimeResult\\KicsLocation.java","Size":1804,"Fingerprints":[{"Type":"Sha1","Value":"c540fa60acd721a30c3fa001fc0f755cf70eaa97"}]},{"RelativePath":"target\\classes\\com\\checkmarx\\ast\\kicsRealtimeResults\\ast\\kicsRealtimeResult\\KicsLocation.class","Size":5058,"Fingerprints":[{"Type":"Sha1","Value":"b183a83e0dfccc3261b680394e83f2aa12043035"}]},{"RelativePath":"target\\apidocs\\com\\checkmarx\\ast\\results\\result\\class-use\\ScaPackageData.html","Size":10426,"Fingerprints":[{"Type":"Sha1","Value":"d957723c0890cf42a942517ff3073e3277841cff"}]},{"RelativePath":"target\\apidocs\\com\\checkmarx\\ast\\results\\result\\class-use\\Result.html","Size":7639,"Fingerprints":[{"Type":"Sha1","Value":"85d8cbaf8ebcbf3ad9e7fc8c430ca1b600f8ffa7"}]},{"RelativePath":"target\\apidocs\\com\\checkmarx\\ast\\results\\result\\class-use\\DependencyPath.html","Size":8244,"Fingerprints":[{"Type":"Sha1","Value":"d3475698f8f85794729e421a1e24ab5e84ebd6dd"}]},{"RelativePath":"target\\apidocs\\com\\checkmarx\\ast\\kicsRealtimeResults\\ast\\kicsRealtimeResult\\package-use.html","Size":7989,"Fingerprints":[{"Type":"Sha1","Value":"0842937c7a93301feb2780e6a95cc004a062cf6a"}]},{"RelativePath":"target\\apidocs\\com\\checkmarx\\ast\\kicsRealtimeResults\\ast\\kicsRealtimeResult\\KicsSummary.html","Size":11087,"Fingerprints":[{"Type":"Sha1","Value":"83d419d12f10764a077a67d5530b74d97b672b3e"}]},{"RelativePath":"src\\main\\java\\com\\checkmarx\\ast\\results\\result\\ScaPackageData.java","Size":1216,"Fingerprints":[{"Type":"Sha1","Value":"04bb13b2b31621fe0e073f542b25eca3c96883a9"}]},{"RelativePath":"src\\main\\java\\com\\checkmarx\\ast\\results\\result\\Node.java","Size":3938,"Fingerprints":[{"Type":"Sha1","Value":"85d12973b52d7f49c0edb362380f83b0598b6db8"}]},{"RelativePath":"src\\main\\java\\com\\checkmarx\\ast\\results\\result\\Comments.java","Size":585,"Fingerprints":[{"Type":"Sha1","Value":"4f02cd400160d675c32d783de988b4b09bf161f0"}]},{"RelativePath":"target\\classes\\com\\checkmarx\\ast\\results\\result\\PackageData.class","Size":2575,"Fingerprints":[{"Type":"Sha1","Value":"728d170fb85aa401e527f3084e1c5f0da45b4017"}]},{"RelativePath":"target\\classes\\com\\checkmarx\\ast\\results\\result\\Data.class","Size":9125,"Fingerprints":[{"Type":"Sha1","Value":"34c26d4289b9f45faede05b0f7da713a5b3dffcc"}]},{"RelativePath":"target\\apidocs\\com\\checkmarx\\ast\\wrapper\\class-use\\CxWrapper.html","Size":5503,"Fingerprints":[{"Type":"Sha1","Value":"351153446d14bbb9e20502d02b185d72709bd1fe"}]},{"RelativePath":"target\\apidocs\\com\\checkmarx\\ast\\wrapper\\class-use\\CxConstants.html","Size":5517,"Fingerprints":[{"Type":"Sha1","Value":"e021da0c9349587f80bc4d0b5ae7ca99c1c7a467"}]},{"RelativePath":"target\\apidocs\\com\\checkmarx\\ast\\wrapper\\class-use\\CxConfig.CxConfigBuilder.html","Size":7692,"Fingerprints":[{"Type":"Sha1","Value":"c0fca0791517b006ff7bd3c8704e0cfbf5860213"}]},{"RelativePath":"target\\apidocs\\com\\checkmarx\\ast\\scan\\class-use\\Scan.html","Size":11165,"Fingerprints":[{"Type":"Sha1","Value":"8c965e7fc9f0c33d35184a9dea57ba2c4b96af59"}]},{"RelativePath":"target\\apidocs\\com\\checkmarx\\ast\\results\\result\\ScaPackageData.html","Size":12748,"Fingerprints":[{"Type":"Sha1","Value":"f9288581fd01d0067b0e3d6020bfa2476450016d"}]},{"RelativePath":"target\\apidocs\\com\\checkmarx\\ast\\results\\result\\package-use.html","Size":9276,"Fingerprints":[{"Type":"Sha1","Value":"98dfe4f78b9b7175553e07776d2ac5f3a2342a6a"}]},{"RelativePath":"target\\apidocs\\com\\checkmarx\\ast\\results\\result\\Node.html","Size":19718,"Fingerprints":[{"Type":"Sha1","Value":"7db9084ea6546c737eb8eebe86cbda16ec20c01e"}]},{"RelativePath":"target\\apidocs\\com\\checkmarx\\ast\\results\\result\\Comments.html","Size":11078,"Fingerprints":[{"Type":"Sha1","Value":"b4d04f744dc636b67b3101928b6eff0261ed3d88"}]},{"RelativePath":"target\\apidocs\\com\\checkmarx\\ast\\results\\class-use\\ReportFormat.html","Size":10865,"Fingerprints":[{"Type":"Sha1","Value":"e6a33e15826f8eaa17d9ec22645db70663346618"}]},{"RelativePath":"target\\apidocs\\com\\checkmarx\\ast\\predicate\\class-use\\Predicate.html","Size":8088,"Fingerprints":[{"Type":"Sha1","Value":"0fd21e4c1e097173e39bb4ab10489524f29a605b"}]},{"RelativePath":"target\\apidocs\\com\\checkmarx\\ast\\kicsRealtimeResults\\class-use\\KicsRealtimeResults.html","Size":8167,"Fingerprints":[{"Type":"Sha1","Value":"004e41f0626e2e2a790cce15701d43572c5457ff"}]},{"RelativePath":"src\\main\\java\\com\\checkmarx\\ast\\wrapper\\CxWrapper.java","Size":19568,"Fingerprints":[{"Type":"Sha1","Value":"7da3d154f1dc0a4c6809fc8cf79343d6faec3fb1"}]},{"RelativePath":"src\\main\\java\\com\\checkmarx\\ast\\wrapper\\CxConstants.java","Size":3713,"Fingerprints":[{"Type":"Sha1","Value":"ce078c80eb05d4232e46730b41ff5bcd19552762"}]},{"RelativePath":"src\\main\\java\\com\\checkmarx\\ast\\tenant\\TenantSetting.java","Size":1242,"Fingerprints":[{"Type":"Sha1","Value":"f14d4699cc2c76f7e15945f10faafafb8e824335"}]},{"RelativePath":"src\\main\\java\\com\\checkmarx\\ast\\results\\Results.java","Size":926,"Fingerprints":[{"Type":"Sha1","Value":"f7d40e175fffc34f4a6c480a0e788d6e28ab278d"}]},{"RelativePath":"src\\main\\java\\com\\checkmarx\\ast\\project\\Project.java","Size":1622,"Fingerprints":[{"Type":"Sha1","Value":"e396edc5d4b902781520866d39fef53329777807"}]},{"RelativePath":"src\\main\\java\\com\\checkmarx\\ast\\kicsRealtimeResults\\KicsRealtimeResults.java","Size":2269,"Fingerprints":[{"Type":"Sha1","Value":"b99ba5cea7018c166c4a45d5bbfbc7cdf5735af6"}]},{"RelativePath":"target\\classes\\com\\checkmarx\\ast\\wrapper\\Execution.class","Size":8390,"Fingerprints":[{"Type":"Sha1","Value":"f472cb23d7345e1adf00dcb871495091acc88f94"}]},{"RelativePath":"target\\classes\\com\\checkmarx\\ast\\wrapper\\CxException.class","Size":535,"Fingerprints":[{"Type":"Sha1","Value":"fc8f1411c206ea8c58b2ea26aa38140e40b4078b"}]},{"RelativePath":"target\\classes\\com\\checkmarx\\ast\\wrapper\\CxConfig$InvalidCLIConfigException.class","Size":519,"Fingerprints":[{"Type":"Sha1","Value":"b4bb45140165e663583562b1e9927b0d348abf05"}]},{"RelativePath":"target\\classes\\com\\checkmarx\\ast\\tenant\\TenantSetting.class","Size":2936,"Fingerprints":[{"Type":"Sha1","Value":"eafc3b126d46744f59ac4cae0d4a374d86a54e00"}]},{"RelativePath":"target\\classes\\com\\checkmarx\\ast\\results\\Results.class","Size":2894,"Fingerprints":[{"Type":"Sha1","Value":"70df7b0fa0cc5a098dd51435db1aff562dae58c4"}]},{"RelativePath":"target\\classes\\com\\checkmarx\\ast\\project\\Project.class","Size":4115,"Fingerprints":[{"Type":"Sha1","Value":"8378165e4a816ebddcf5319bdd0d3c88325d7daa"}]},{"RelativePath":"src\\main\\resources\\cx-mac","Size":20384864,"Fingerprints":[{"Type":"Sha1","Value":"d844a95f619439e4520e0dca4ae5784f5715baa5"}]},{"RelativePath":"target\\apidocs\\type-search-index.js","Size":2000,"Fingerprints":[{"Type":"JavascriptSha1","Value":"6a222cb7d10e71e96941892b9f9cd83dfc2c8efb"},{"Type":"Sha1","Value":"42042ebd9d0ebb7a08c00d9f25d679b3c8bd64c7"}]},{"RelativePath":"target\\apidocs\\serialized-form.html","Size":6115,"Fingerprints":[{"Type":"Sha1","Value":"28b55f0ae8a875ff93e005a683f70af79c62c842"}]},{"RelativePath":"target\\apidocs\\package-search-index.zip","Size":321,"Fingerprints":[{"Type":"Sha1","Value":"21760fff7c6cf93c431b09c741e7425af654fee6"}]},{"RelativePath":"target\\apidocs\\overview-summary.html","Size":699,"Fingerprints":[{"Type":"Sha1","Value":"02f925a72e7719788ca61c4a709ecf1444d6b78b"}]},{"RelativePath":"target\\apidocs\\overview-tree.html","Size":15242,"Fingerprints":[{"Type":"Sha1","Value":"42815ee26de9d2f725e261dd2a61d3ba5dd69c9d"}]},{"RelativePath":"target\\apidocs\\constant-values.html","Size":11294,"Fingerprints":[{"Type":"Sha1","Value":"892a8463193ec1231459babd26a91c538fdb5cda"}]},{"RelativePath":".idea\\shelf\\Uncommitted_changes_before_Checkout_at_11_11_2022_12_02_PM__Changes_.xml","Size":407,"Fingerprints":[{"Type":"Sha1","Value":"b978ee89f90832b3db9200821387aa7a4d5ed75f"}]},{"RelativePath":".github\\workflows\\pr-automation.yml","Size":648,"Fingerprints":[{"Type":"Sha1","Value":"df114f9d1ed2ffaccfaf6d9000ff3e3c71c7cb45"}]},{"RelativePath":"target\\maven-javadoc-plugin-stale-data.txt","Size":9653,"Fingerprints":[{"Type":"Sha1","Value":"ce5d711760bb3128cc5c0d873d22b4dfcfef4b53"}]},{"RelativePath":".idea\\jarRepositories.xml","Size":864,"Fingerprints":[{"Type":"Sha1","Value":"ae749a8957da4995f30590eb7fd6e3ff52145294"}]},{"RelativePath":".github\\dependabot.yml","Size":795,"Fingerprints":[{"Type":"Sha1","Value":"da1daca3a8b63506c8d8790b70f53a483f687f6e"}]},{"RelativePath":"target\\apidocs\\jquery\\jszip\\dist\\jszip.js","Size":376477,"Fingerprints":[{"Type":"JavascriptSha1","Value":"b8eba8d62bba75c6ac3c47b87668f63345c95655"},{"Type":"Sha1","Value":"4eb9988b0a1839b67802878388b97e7b1b256f6c"}]},{"RelativePath":"target\\apidocs\\jquery\\images\\ui-icons_2e83ff_256x240.png","Size":4549,"Fingerprints":[{"Type":"Sha1","Value":"4d2e1d7dc2e062f11df014675a69a5280a5e2ad9"}]},{"RelativePath":"target\\apidocs\\jquery\\images\\ui-icons_222222_256x240.png","Size":6922,"Fingerprints":[{"Type":"Sha1","Value":"10af36aa842ea948ae4a7c11851b91049fa364d7"}]},{"RelativePath":"target\\apidocs\\jquery\\images\\ui-bg_highlight-soft_75_cccccc_1x100.png","Size":280,"Fingerprints":[{"Type":"Sha1","Value":"c56fab255ec1b6d23c4ca0991e15a92cd2e969b0"}]},{"RelativePath":"target\\apidocs\\jquery\\images\\ui-bg_glass_95_fef1ec_1x400.png","Size":332,"Fingerprints":[{"Type":"Sha1","Value":"7221c2dcaa6479864e65687fa1cd8a566387e114"}]},{"RelativePath":"target\\apidocs\\jquery\\images\\ui-bg_glass_75_e6e6e6_1x400.png","Size":262,"Fingerprints":[{"Type":"Sha1","Value":"b06e785a459a7f059360f0adb2ccc40705463e75"}]},{"RelativePath":"target\\apidocs\\jquery\\images\\ui-bg_glass_75_dadada_1x400.png","Size":262,"Fingerprints":[{"Type":"Sha1","Value":"90e48160530a8f5b735e439a03d1653ac1cf22fc"}]},{"RelativePath":"target\\apidocs\\jquery\\images\\ui-bg_glass_65_ffffff_1x400.png","Size":207,"Fingerprints":[{"Type":"Sha1","Value":"ce032b96fd818dbbed6701d92498a34d1fbaa23e"}]},{"RelativePath":"target\\apidocs\\jquery\\images\\ui-bg_glass_55_fbf9ee_1x400.png","Size":335,"Fingerprints":[{"Type":"Sha1","Value":"9aaac463c8f5e4a8cc1fa52c761ad26ecdf85dd7"}]},{"RelativePath":"target\\apidocs\\jquery\\images\\ui-bg_flat_75_ffffff_40x100.png","Size":208,"Fingerprints":[{"Type":"Sha1","Value":"f72c596da3d0305b6898010ffe88ad8ffbdedc70"}]},{"RelativePath":"target\\apidocs\\jquery\\images\\ui-bg_flat_0_aaaaaa_40x100.png","Size":212,"Fingerprints":[{"Type":"Sha1","Value":"53bf809db7bc8983e7c74d8af9624d610706bd30"}]},{"RelativePath":"target\\apidocs\\type-search-index\\type-search-index.json","Size":1982,"Fingerprints":[{"Type":"Sha1","Value":"02b1c36bd12f0d383f801168c887a69061763d5f"}]},{"RelativePath":"target\\apidocs\\resources\\x.png","Size":394,"Fingerprints":[{"Type":"Sha1","Value":"f15abab0efbfa474320e005079c3d8a82bd5be71"}]},{"RelativePath":"target\\apidocs\\resources\\glass.png","Size":499,"Fingerprints":[{"Type":"Sha1","Value":"5ae428dd5bc05edd1ddf74af99255de5653a6718"}]},{"RelativePath":"target\\apidocs\\package-search-index\\package-search-index.json","Size":523,"Fingerprints":[{"Type":"Sha1","Value":"7b2f0a9cb4a7cc07e65c389a62a3e71e7a632b28"}]},{"RelativePath":"target\\apidocs\\member-search-index\\member-search-index.json","Size":15260,"Fingerprints":[{"Type":"Sha1","Value":"69e26a128ff68ef66834ae87439ff7fbac1b2e69"}]},{"RelativePath":"target\\apidocs\\jquery\\jquery-ui.structure.min.css","Size":1656,"Fingerprints":[{"Type":"Sha1","Value":"995eab3d8ebefe00d20feabe69da2eaa7d54cec3"}]},{"RelativePath":"target\\apidocs\\jquery\\jquery-ui.structure.css","Size":2463,"Fingerprints":[{"Type":"Sha1","Value":"dc291a66f7961b3c75a5572e1e27eb17ae8ce58d"}]},{"RelativePath":"target\\classes\\cx.exe","Size":14429184,"Fingerprints":[{"Type":"Sha1","Value":"79fd60de253d674528dbc6f6011c695272c1c045"}]},{"RelativePath":"target\\ast-cli-java-wrapper-905-sources.jar","Size":17533591,"Fingerprints":[{"Type":"Sha1","Value":"1274616c15deea4ee79e87c59472dfce66257f5e"}]},{"RelativePath":".idea\\.gitignore","Size":50,"Fingerprints":[{"Type":"Sha1","Value":"1b27beedeb67ea5b2249f73fe6f7985c387bee94"}]}],"DependencyResolutionResults":[{"Dependencies":[{"Children":[],"Id":{"NodeId":"dbec526a-5048-487b-bba0-8bc973487056","Name":"org.junit.platform:junit-platform-engine","Version":"1.9.1"},"IsDirect":false,"IsDevelopment":true,"IsPluginDependency":false,"IsTestDependency":false,"PotentialPrivate":false,"IsNpmVerified":false,"ResolvingModuleType":"Maven","AdditionalData":{"ArtifactId":"junit-platform-engine","GroupId":"org.junit.platform"},"TargetFrameworks":[]},{"Children":[{"NodeId":"dbec526a-5048-487b-bba0-8bc973487056","Name":"org.junit.platform:junit-platform-engine","Version":"1.9.1"}],"Id":{"NodeId":"b9dfe00b-6409-4323-8a5e-90068f2fa2f6","Name":"org.junit.jupiter:junit-jupiter-engine","Version":"5.9.1"},"IsDirect":false,"IsDevelopment":true,"IsPluginDependency":false,"IsTestDependency":false,"PotentialPrivate":false,"IsNpmVerified":false,"ResolvingModuleType":"Maven","AdditionalData":{"ArtifactId":"junit-jupiter-engine","GroupId":"org.junit.jupiter"},"TargetFrameworks":[]},{"Children":[],"Id":{"NodeId":"b8d45ece-cad4-4370-aa66-58afde4f083b","Name":"org.junit.jupiter:junit-jupiter-params","Version":"5.9.1"},"IsDirect":false,"IsDevelopment":true,"IsPluginDependency":false,"IsTestDependency":false,"PotentialPrivate":false,"IsNpmVerified":false,"ResolvingModuleType":"Maven","AdditionalData":{"ArtifactId":"junit-jupiter-params","GroupId":"org.junit.jupiter"},"TargetFrameworks":[]},{"Children":[],"Id":{"NodeId":"292f33b4-3480-4dd5-9662-faf69010cdea","Name":"org.apiguardian:apiguardian-api","Version":"1.1.2"},"IsDirect":false,"IsDevelopment":true,"IsPluginDependency":false,"IsTestDependency":false,"PotentialPrivate":false,"IsNpmVerified":false,"ResolvingModuleType":"Maven","AdditionalData":{"ArtifactId":"apiguardian-api","GroupId":"org.apiguardian"},"TargetFrameworks":[]},{"Children":[],"Id":{"NodeId":"07b64a65-625e-412d-a8be-286b8133bd62","Name":"org.junit.platform:junit-platform-commons","Version":"1.9.1"},"IsDirect":false,"IsDevelopment":true,"IsPluginDependency":false,"IsTestDependency":false,"PotentialPrivate":false,"IsNpmVerified":false,"ResolvingModuleType":"Maven","AdditionalData":{"ArtifactId":"junit-platform-commons","GroupId":"org.junit.platform"},"TargetFrameworks":[]},{"Children":[],"Id":{"NodeId":"c23afdac-b548-4fbb-9159-ffe93c6588d3","Name":"org.opentest4j:opentest4j","Version":"1.2.0"},"IsDirect":false,"IsDevelopment":true,"IsPluginDependency":false,"IsTestDependency":false,"PotentialPrivate":false,"IsNpmVerified":false,"ResolvingModuleType":"Maven","AdditionalData":{"ArtifactId":"opentest4j","GroupId":"org.opentest4j"},"TargetFrameworks":[]},{"Children":[{"NodeId":"292f33b4-3480-4dd5-9662-faf69010cdea","Name":"org.apiguardian:apiguardian-api","Version":"1.1.2"},{"NodeId":"07b64a65-625e-412d-a8be-286b8133bd62","Name":"org.junit.platform:junit-platform-commons","Version":"1.9.1"},{"NodeId":"c23afdac-b548-4fbb-9159-ffe93c6588d3","Name":"org.opentest4j:opentest4j","Version":"1.2.0"}],"Id":{"NodeId":"54bc247d-1ac6-4d77-834c-ea2124cbd9d4","Name":"org.junit.jupiter:junit-jupiter-api","Version":"5.9.1"},"IsDirect":false,"IsDevelopment":true,"IsPluginDependency":false,"IsTestDependency":false,"PotentialPrivate":false,"IsNpmVerified":false,"ResolvingModuleType":"Maven","AdditionalData":{"ArtifactId":"junit-jupiter-api","GroupId":"org.junit.jupiter"},"TargetFrameworks":[]},{"Children":[{"NodeId":"b9dfe00b-6409-4323-8a5e-90068f2fa2f6","Name":"org.junit.jupiter:junit-jupiter-engine","Version":"5.9.1"},{"NodeId":"b8d45ece-cad4-4370-aa66-58afde4f083b","Name":"org.junit.jupiter:junit-jupiter-params","Version":"5.9.1"},{"NodeId":"54bc247d-1ac6-4d77-834c-ea2124cbd9d4","Name":"org.junit.jupiter:junit-jupiter-api","Version":"5.9.1"}],"Id":{"NodeId":"da105ebd-282c-45a9-afbf-f7f76a3f3777","Name":"org.junit.jupiter:junit-jupiter","Version":"5.9.1"},"IsDirect":true,"IsDevelopment":true,"IsPluginDependency":false,"IsTestDependency":false,"PotentialPrivate":false,"IsNpmVerified":false,"ResolvingModuleType":"Maven","AdditionalData":{"ArtifactId":"junit-jupiter","GroupId":"org.junit.jupiter"},"TargetFrameworks":[]},{"Children":[],"Id":{"NodeId":"f7ab7e31-7407-4bf7-9767-cd05cdbe2901","Name":"org.slf4j:slf4j-api","Version":"2.0.4"},"IsDirect":false,"IsDevelopment":false,"IsPluginDependency":false,"IsTestDependency":false,"PotentialPrivate":false,"IsNpmVerified":false,"ResolvingModuleType":"Maven","AdditionalData":{"ArtifactId":"slf4j-api","GroupId":"org.slf4j"},"TargetFrameworks":[]},{"Children":[{"NodeId":"f7ab7e31-7407-4bf7-9767-cd05cdbe2901","Name":"org.slf4j:slf4j-api","Version":"2.0.4"}],"Id":{"NodeId":"cd27acf5-e7ff-4df3-878f-4bf6af0346b8","Name":"org.slf4j:slf4j-simple","Version":"2.0.4"},"IsDirect":true,"IsDevelopment":false,"IsPluginDependency":false,"IsTestDependency":false,"PotentialPrivate":false,"IsNpmVerified":false,"ResolvingModuleType":"Maven","AdditionalData":{"ArtifactId":"slf4j-simple","GroupId":"org.slf4j"},"TargetFrameworks":[]},{"Children":[],"Id":{"NodeId":"2433abbe-e0d9-4010-8081-6ef92157f400","Name":"com.google.code.gson:gson","Version":"2.10"},"IsDirect":true,"IsDevelopment":false,"IsPluginDependency":false,"IsTestDependency":false,"PotentialPrivate":false,"IsNpmVerified":false,"ResolvingModuleType":"Maven","AdditionalData":{"ArtifactId":"gson","GroupId":"com.google.code.gson"},"TargetFrameworks":[]},{"Children":[],"Id":{"NodeId":"50387e5d-7d7c-4f96-8a74-2aaababeb299","Name":"org.projectlombok:lombok","Version":"1.18.24"},"IsDirect":true,"IsDevelopment":false,"IsPluginDependency":false,"IsTestDependency":false,"PotentialPrivate":false,"IsNpmVerified":false,"ResolvingModuleType":"Maven","AdditionalData":{"ArtifactId":"lombok","GroupId":"org.projectlombok"},"TargetFrameworks":[]},{"Children":[],"Id":{"NodeId":"938d0127-5815-4ff9-a7ca-d66f240aa6d2","Name":"com.fasterxml.jackson.core:jackson-core","Version":"2.14.1"},"IsDirect":false,"IsDevelopment":false,"IsPluginDependency":false,"IsTestDependency":false,"PotentialPrivate":false,"IsNpmVerified":false,"ResolvingModuleType":"Maven","AdditionalData":{"ArtifactId":"jackson-core","GroupId":"com.fasterxml.jackson.core"},"TargetFrameworks":[]},{"Children":[],"Id":{"NodeId":"a8f6af6b-27e3-429e-b21a-2486604c3b41","Name":"com.fasterxml.jackson.core:jackson-annotations","Version":"2.14.1"},"IsDirect":false,"IsDevelopment":false,"IsPluginDependency":false,"IsTestDependency":false,"PotentialPrivate":false,"IsNpmVerified":false,"ResolvingModuleType":"Maven","AdditionalData":{"ArtifactId":"jackson-annotations","GroupId":"com.fasterxml.jackson.core"},"TargetFrameworks":[]},{"Children":[{"NodeId":"938d0127-5815-4ff9-a7ca-d66f240aa6d2","Name":"com.fasterxml.jackson.core:jackson-core","Version":"2.14.1"},{"NodeId":"a8f6af6b-27e3-429e-b21a-2486604c3b41","Name":"com.fasterxml.jackson.core:jackson-annotations","Version":"2.14.1"}],"Id":{"NodeId":"0ab9f6d2-3d19-4af4-9115-a439a9da0c95","Name":"com.fasterxml.jackson.core:jackson-databind","Version":"2.14.1"},"IsDirect":true,"IsDevelopment":false,"IsPluginDependency":false,"IsTestDependency":false,"PotentialPrivate":false,"IsNpmVerified":false,"ResolvingModuleType":"Maven","AdditionalData":{"ArtifactId":"jackson-databind","GroupId":"com.fasterxml.jackson.core"},"TargetFrameworks":[]},{"Children":[],"Id":{"NodeId":"d2c69e72-9ebb-413b-978e-34ecfc1c135f","Name":"org.hamcrest:hamcrest-core","Version":"1.1"},"IsDirect":false,"IsDevelopment":false,"IsPluginDependency":false,"IsTestDependency":false,"PotentialPrivate":false,"IsNpmVerified":false,"ResolvingModuleType":"Maven","AdditionalData":{"ArtifactId":"hamcrest-core","GroupId":"org.hamcrest"},"TargetFrameworks":[]},{"Children":[{"NodeId":"d2c69e72-9ebb-413b-978e-34ecfc1c135f","Name":"org.hamcrest:hamcrest-core","Version":"1.1"}],"Id":{"NodeId":"2c67521e-6f84-4d04-a39e-0d2610134dba","Name":"junit:junit","Version":"4.10"},"IsDirect":false,"IsDevelopment":false,"IsPluginDependency":false,"IsTestDependency":false,"PotentialPrivate":false,"IsNpmVerified":false,"ResolvingModuleType":"Maven","AdditionalData":{"ArtifactId":"junit","GroupId":"junit"},"TargetFrameworks":[]},{"Children":[{"NodeId":"2c67521e-6f84-4d04-a39e-0d2610134dba","Name":"junit:junit","Version":"4.10"}],"Id":{"NodeId":"47e2801a-f346-4485-8922-0b178e643044","Name":"com.googlecode.json-simple:json-simple","Version":"1.1.1"},"IsDirect":true,"IsDevelopment":false,"IsPluginDependency":false,"IsTestDependency":false,"PotentialPrivate":false,"IsNpmVerified":false,"ResolvingModuleType":"Maven","AdditionalData":{"ArtifactId":"json-simple","GroupId":"com.googlecode.json-simple"},"TargetFrameworks":[]},{"Children":[],"Id":{"NodeId":"69631546-0d9e-4189-9dd3-e6541af1c3eb","Name":"org.apache.commons:commons-lang3","Version":"3.12.0"},"IsDirect":true,"IsDevelopment":false,"IsPluginDependency":false,"IsTestDependency":false,"PotentialPrivate":false,"IsNpmVerified":false,"ResolvingModuleType":"Maven","AdditionalData":{"ArtifactId":"commons-lang3","GroupId":"org.apache.commons"},"TargetFrameworks":[]}],"PackageManagerFile":"pom.xml","ResolvingModuleType":"Maven","DependencyResolverStatus":"FullResults","Message":""}],"ContainerResolutionResults":{"ImagePaths":[],"Layers":{}}}